{"mean":{"confidence_interval":{"confidence_level":0.95,"lower_bound":-0.05497871473165438,"upper_bound":0.16210622130001157},"point_estimate":0.03406277326751339,"standard_error":0.05961093846783369},"median":{"confidence_interval":{"confidence_level":0.95,"lower_bound":-0.05678996774569698,"upper_bound":-0.023886795650376436},"point_estimate":-0.040062545997259114,"standard_error":0.008262674353765749}}