{"mean":{"confidence_interval":{"confidence_level":0.95,"lower_bound":-0.015686304780005555,"upper_bound":0.02155886161863985},"point_estimate":0.00328484484451419,"standard_error":0.009509106113753064},"median":{"confidence_interval":{"confidence_level":0.95,"lower_bound":0.000553919339616904,"upper_bound":0.015831017249376543},"point_estimate":0.009872800959553008,"standard_error":0.00410020917018067}}