{"mean":{"confidence_interval":{"confidence_level":0.95,"lower_bound":-0.004363898424272977,"upper_bound":0.02462422156966789},"point_estimate":0.01044978279560449,"standard_error":0.007394343413834611},"median":{"confidence_interval":{"confidence_level":0.95,"lower_bound":0.008807613974355144,"upper_bound":0.023828016343345304},"point_estimate":0.014522391849600469,"standard_error":0.004007297000161482}}