{"mean":{"confidence_interval":{"confidence_level":0.95,"lower_bound":-0.021551726880745515,"upper_bound":0.0823550109491549},"point_estimate":0.022831935820939897,"standard_error":0.025942365965089934},"median":{"confidence_interval":{"confidence_level":0.95,"lower_bound":-0.020204977985790712,"upper_bound":0.00837635454672023},"point_estimate":-0.007898581509639846,"standard_error":0.00749116337347075}}