{"mean":{"confidence_interval":{"confidence_level":0.95,"lower_bound":0.5038171251193064,"upper_bound":1.5822287742411516},"point_estimate":0.9658554576138256,"standard_error":0.2772617966756185},"median":{"confidence_interval":{"confidence_level":0.95,"lower_bound":1.1396283892079793,"upper_bound":1.5529670104748714},"point_estimate":1.3486205687591792,"standard_error":0.10932508803647711}}