{"mean":{"confidence_interval":{"confidence_level":0.95,"lower_bound":-0.24924987668417936,"upper_bound":0.42123023289569395},"point_estimate":0.03731783871797112,"standard_error":0.17239286794973},"median":{"confidence_interval":{"confidence_level":0.95,"lower_bound":-0.11563713743528023,"upper_bound":0.11430076057505434},"point_estimate":0.004425251474727165,"standard_error":0.05831006513101662}}