{"mean":{"confidence_interval":{"confidence_level":0.95,"lower_bound":-0.1521669576530907,"upper_bound":-0.08338890531147586},"point_estimate":-0.11739581544596023,"standard_error":0.017545865147188942},"median":{"confidence_interval":{"confidence_level":0.95,"lower_bound":-0.14852247215058711,"upper_bound":-0.07298663021442264},"point_estimate":-0.10524780712611581,"standard_error":0.019225600209899343}}