{"mean":{"confidence_interval":{"confidence_level":0.95,"lower_bound":0.09111039553578251,"upper_bound":0.1897125956676675},"point_estimate":0.13868746622791694,"standard_error":0.025206051859148842},"median":{"confidence_interval":{"confidence_level":0.95,"lower_bound":0.07629754294442681,"upper_bound":0.20648364396304308},"point_estimate":0.12831448307862736,"standard_error":0.03395640416922786}}