{"mean":{"confidence_interval":{"confidence_level":0.95,"lower_bound":-0.014551288720245628,"upper_bound":0.02280512284761796},"point_estimate":0.004323554874326563,"standard_error":0.009683063056924306},"median":{"confidence_interval":{"confidence_level":0.95,"lower_bound":-0.015465030873455077,"upper_bound":0.025367501377074442},"point_estimate":0.005469364782763941,"standard_error":0.010493670258593168}}