{"mean":{"confidence_interval":{"confidence_level":0.95,"lower_bound":-0.01954681437068573,"upper_bound":0.01332409898884872},"point_estimate":-0.003161524442164665,"standard_error":0.00834921823951585},"median":{"confidence_interval":{"confidence_level":0.95,"lower_bound":-0.014957135956512935,"upper_bound":0.012325723001719524},"point_estimate":0.0005386031248810763,"standard_error":0.006977985116880239}}