{"mean":{"confidence_interval":{"confidence_level":0.95,"lower_bound":-0.026541733661304096,"upper_bound":0.02515218315952754},"point_estimate":-0.0015760148364458715,"standard_error":0.013041201435123394},"median":{"confidence_interval":{"confidence_level":0.95,"lower_bound":-0.035841616428810515,"upper_bound":-0.0017799244575329202},"point_estimate":-0.011799325291391494,"standard_error":0.01061417665332372}}