{"mean":{"confidence_interval":{"confidence_level":0.95,"lower_bound":-0.010421138165214934,"upper_bound":0.04210747064149333},"point_estimate":0.016796745461207463,"standard_error":0.013456909270085866},"median":{"confidence_interval":{"confidence_level":0.95,"lower_bound":0.0019394842130211476,"upper_bound":0.03847877603225764},"point_estimate":0.01283153698594286,"standard_error":0.011191389916602403}}