{"mean":{"confidence_interval":{"confidence_level":0.95,"lower_bound":-0.03718510997272898,"upper_bound":-0.0022094205389954287},"point_estimate":-0.019665833582293013,"standard_error":0.008858230442293691},"median":{"confidence_interval":{"confidence_level":0.95,"lower_bound":-0.0312338430404292,"upper_bound":-0.002849566088440336},"point_estimate":-0.01685407643115633,"standard_error":0.006863965534924501}}