{"mean":{"confidence_interval":{"confidence_level":0.95,"lower_bound":-0.004636957875645863,"upper_bound":0.022431622914808873},"point_estimate":0.00845204352911244,"standard_error":0.00691570535401358},"median":{"confidence_interval":{"confidence_level":0.95,"lower_bound":-0.011550619622104574,"upper_bound":0.024365618023520774},"point_estimate":0.011687114408156729,"standard_error":0.009387519112591548}}