{"mean":{"confidence_interval":{"confidence_level":0.95,"lower_bound":-0.11464497011855351,"upper_bound":-0.04152781518795694},"point_estimate":-0.0782038316689263,"standard_error":0.01874223679782882},"median":{"confidence_interval":{"confidence_level":0.95,"lower_bound":-0.18660842840102,"upper_bound":-0.0520243201166605},"point_estimate":-0.12022485769442148,"standard_error":0.03949112576894471}}