{"mean":{"confidence_interval":{"confidence_level":0.95,"lower_bound":0.0005625671266725533,"upper_bound":0.0046708816480257095},"point_estimate":0.0026688029865620244,"standard_error":0.0010522273169812839},"median":{"confidence_interval":{"confidence_level":0.95,"lower_bound":-0.00041930815698576485,"upper_bound":0.00016087115834450497},"point_estimate":-0.0001675855786290592,"standard_error":0.0001416709920746146}}