{"mean":{"confidence_interval":{"confidence_level":0.95,"lower_bound":2.4818502405548992,"upper_bound":2.4886174554456524},"point_estimate":2.4852986570604725,"standard_error":0.0017231375447691135},"median":{"confidence_interval":{"confidence_level":0.95,"lower_bound":2.479021866200404,"upper_bound":2.4804034729268},"point_estimate":2.4797805810937428,"standard_error":0.000270186315670984},"median_abs_dev":{"confidence_interval":{"confidence_level":0.95,"lower_bound":0.0044227688476750505,"upper_bound":0.0065688465511029885},"point_estimate":0.005544429623085985,"standard_error":0.0005831768932111586},"slope":{"confidence_interval":{"confidence_level":0.95,"lower_bound":2.4858769028401477,"upper_bound":2.4925291156175136},"point_estimate":2.488886407513064,"standard_error":0.0017087027973088915},"std_dev":{"confidence_interval":{"confidence_level":0.95,"lower_bound":0.027163341110779532,"upper_bound":0.05032027665945546},"point_estimate":0.038697280928592905,"standard_error":0.005961310086628378}}