{"mean":{"confidence_interval":{"confidence_level":0.95,"lower_bound":41.94236387034361,"upper_bound":46.06168186296403},"point_estimate":43.95587507830838,"standard_error":1.054059348852012},"median":{"confidence_interval":{"confidence_level":0.95,"lower_bound":37.15300953485722,"upper_bound":43.29411269753622},"point_estimate":39.69641195504197,"standard_error":1.5283883729132288},"median_abs_dev":{"confidence_interval":{"confidence_level":0.95,"lower_bound":4.80861469362841,"upper_bound":12.413271925139629},"point_estimate":8.141911074338914,"standard_error":1.9191785352553636},"slope":{"confidence_interval":{"confidence_level":0.95,"lower_bound":43.289222789150756,"upper_bound":48.95836108307599},"point_estimate":46.081569564533226,"standard_error":1.4459745728567166},"std_dev":{"confidence_interval":{"confidence_level":0.95,"lower_bound":9.142517241663105,"upper_bound":11.804229495980941},"point_estimate":10.607117026274812,"standard_error":0.6803815898662916}}