{"mean":{"confidence_interval":{"confidence_level":0.95,"lower_bound":-0.030400025462334553,"upper_bound":0.015789322405520313},"point_estimate":-0.007255365590848384,"standard_error":0.011751061487577801},"median":{"confidence_interval":{"confidence_level":0.95,"lower_bound":-0.002932660149200683,"upper_bound":0.000058743176842916216},"point_estimate":-0.0012120026900396264,"standard_error":0.0007566635343794524}}