{"mean":{"confidence_interval":{"confidence_level":0.95,"lower_bound":2.141631126495762,"upper_bound":2.28987899290348},"point_estimate":2.2046028183010575,"standard_error":0.03812677056627584},"median":{"confidence_interval":{"confidence_level":0.95,"lower_bound":2.1168831037788203,"upper_bound":2.1593460532636666},"point_estimate":2.137393131400792,"standard_error":0.010488361190613473},"median_abs_dev":{"confidence_interval":{"confidence_level":0.95,"lower_bound":0.06981001531696375,"upper_bound":0.1352474496639668},"point_estimate":0.09116083059397537,"standard_error":0.016313235618965274},"slope":{"confidence_interval":{"confidence_level":0.95,"lower_bound":2.1110482395392838,"upper_bound":2.215098138439628},"point_estimate":2.1554022969713706,"standard_error":0.026674311061244814},"std_dev":{"confidence_interval":{"confidence_level":0.95,"lower_bound":0.12940726277773296,"upper_bound":0.5789968342592474},"point_estimate":0.38195901643192787,"standard_error":0.12061821997500727}}