{"mean":{"confidence_interval":{"confidence_level":0.95,"lower_bound":84.90024817234699,"upper_bound":87.09698300596645},"point_estimate":85.93474642360137,"standard_error":0.5626468658388553},"median":{"confidence_interval":{"confidence_level":0.95,"lower_bound":84.20111919729833,"upper_bound":85.7019708229492},"point_estimate":84.60564820096802,"standard_error":0.4344502339021991},"median_abs_dev":{"confidence_interval":{"confidence_level":0.95,"lower_bound":2.7049599588406488,"upper_bound":4.92901838326612},"point_estimate":3.7418261338922796,"standard_error":0.5745993731164593},"slope":{"confidence_interval":{"confidence_level":0.95,"lower_bound":84.8328315982664,"upper_bound":86.23739448409863},"point_estimate":85.53120732218916,"standard_error":0.35760624466973434},"std_dev":{"confidence_interval":{"confidence_level":0.95,"lower_bound":3.8456582492503424,"upper_bound":7.481944349262064},"point_estimate":5.6601210746644375,"standard_error":0.9496838800637967}}