{"mean":{"confidence_interval":{"confidence_level":0.95,"lower_bound":-0.03279800551854579,"upper_bound":0.05643863346394605},"point_estimate":0.009140206655190664,"standard_error":0.02261073866508595},"median":{"confidence_interval":{"confidence_level":0.95,"lower_bound":-0.026574819106891412,"upper_bound":0.08073602718120543},"point_estimate":0.026347707631140027,"standard_error":0.025076606842746017}}