{"mean":{"confidence_interval":{"confidence_level":0.95,"lower_bound":-0.021798127879996083,"upper_bound":0.03649869884056372},"point_estimate":0.008124839888937085,"standard_error":0.014871638965738626},"median":{"confidence_interval":{"confidence_level":0.95,"lower_bound":-0.004203050088742555,"upper_bound":0.030516052466337706},"point_estimate":0.010115246807409717,"standard_error":0.008663956159375989}}