{"mean":{"confidence_interval":{"confidence_level":0.95,"lower_bound":0.015379714564137134,"upper_bound":0.05484886602122647},"point_estimate":0.034346169262161164,"standard_error":0.010064484758761585},"median":{"confidence_interval":{"confidence_level":0.95,"lower_bound":0.01869094442070524,"upper_bound":0.05731036166977477},"point_estimate":0.034757909298289036,"standard_error":0.009841930549017788}}