{"mean":{"confidence_interval":{"confidence_level":0.95,"lower_bound":-0.007969714577582037,"upper_bound":0.03924296795959227},"point_estimate":0.016132960482030168,"standard_error":0.011987939458564035},"median":{"confidence_interval":{"confidence_level":0.95,"lower_bound":0.0007899688338652844,"upper_bound":0.04512368786788423},"point_estimate":0.021120556932431978,"standard_error":0.01202987410309472}}