{"mean":{"confidence_interval":{"confidence_level":0.95,"lower_bound":334.6821626092568,"upper_bound":373.4274840635576},"point_estimate":351.30375889421333,"standard_error":10.029504977268576},"median":{"confidence_interval":{"confidence_level":0.95,"lower_bound":328.10348879627566,"upper_bound":341.38047593293675},"point_estimate":335.6473904378405,"standard_error":3.1715879718055597},"median_abs_dev":{"confidence_interval":{"confidence_level":0.95,"lower_bound":48.635647952277566,"upper_bound":60.608115108942336},"point_estimate":55.36805927864837,"standard_error":3.084704132198714},"slope":{"confidence_interval":{"confidence_level":0.95,"lower_bound":336.1674031269321,"upper_bound":349.50434494115865},"point_estimate":342.5632746370744,"standard_error":3.398677468633326},"std_dev":{"confidence_interval":{"confidence_level":0.95,"lower_bound":70.43379715027645,"upper_bound":346.30198487497586},"point_estimate":224.3728205660545,"standard_error":71.93435273827967}}