{"mean":{"confidence_interval":{"confidence_level":0.95,"lower_bound":-0.007007769887313494,"upper_bound":0.024249486061888856},"point_estimate":0.009071194270438232,"standard_error":0.007964165716046873},"median":{"confidence_interval":{"confidence_level":0.95,"lower_bound":0.00015674091274098245,"upper_bound":0.024897716336500952},"point_estimate":0.01184061440798101,"standard_error":0.0063278470472300724}}