{"mean":{"confidence_interval":{"confidence_level":0.95,"lower_bound":0.031165738221446162,"upper_bound":0.16104988630656766},"point_estimate":0.09548010673299445,"standard_error":0.033111310012896175},"median":{"confidence_interval":{"confidence_level":0.95,"lower_bound":0.029392854686556946,"upper_bound":0.2323588596734265},"point_estimate":0.1255333860532708,"standard_error":0.04482071260737885}}