{"mean":{"confidence_interval":{"confidence_level":0.95,"lower_bound":0.0036646106727816325,"upper_bound":0.04256923766676527},"point_estimate":0.021448050862362678,"standard_error":0.009955233936156802},"median":{"confidence_interval":{"confidence_level":0.95,"lower_bound":0.004670904474320059,"upper_bound":0.03715657895202118},"point_estimate":0.019022263976086418,"standard_error":0.008879229743758139}}