{"mean":{"confidence_interval":{"confidence_level":0.95,"lower_bound":130.65276952239736,"upper_bound":185.84797882322016},"point_estimate":151.71580445385112,"standard_error":14.83565140065845},"median":{"confidence_interval":{"confidence_level":0.95,"lower_bound":124.95141736698021,"upper_bound":129.36986689620423},"point_estimate":127.59927819087147,"standard_error":1.0731095319468018},"median_abs_dev":{"confidence_interval":{"confidence_level":0.95,"lower_bound":15.990323434003013,"upper_bound":19.89474720440397},"point_estimate":18.121872773590653,"standard_error":0.9979331346313343},"slope":{"confidence_interval":{"confidence_level":0.95,"lower_bound":125.86791171627709,"upper_bound":131.36239025737024},"point_estimate":128.55476581847446,"standard_error":1.3979865168622112},"std_dev":{"confidence_interval":{"confidence_level":0.95,"lower_bound":31.865456751749665,"upper_bound":557.7850894352526},"point_estimate":332.0270179094033,"standard_error":155.46015941181415}}