{"mean":{"confidence_interval":{"confidence_level":0.95,"lower_bound":126.62854004045472,"upper_bound":150.97803560259402},"point_estimate":136.1054001072829,"standard_error":6.474563258280872},"median":{"confidence_interval":{"confidence_level":0.95,"lower_bound":123.39123407598213,"upper_bound":126.23355804960138},"point_estimate":124.89459148413464,"standard_error":0.6754331454066378},"median_abs_dev":{"confidence_interval":{"confidence_level":0.95,"lower_bound":11.536863798553163,"upper_bound":14.642625506523748},"point_estimate":13.005734132755393,"standard_error":0.775319107795712},"slope":{"confidence_interval":{"confidence_level":0.95,"lower_bound":125.88407968371818,"upper_bound":129.18345388263174},"point_estimate":127.51347899549995,"standard_error":0.8428986642010342},"std_dev":{"confidence_interval":{"confidence_level":0.95,"lower_bound":23.93478162036783,"upper_bound":241.19232882174688},"point_estimate":144.91382925497683,"standard_error":64.4566970650901}}