{"mean":{"confidence_interval":{"confidence_level":0.95,"lower_bound":-0.07412545332808648,"upper_bound":0.04451259562862811},"point_estimate":-0.02027793221181229,"standard_error":0.03095305650089032},"median":{"confidence_interval":{"confidence_level":0.95,"lower_bound":-0.06574789405844458,"upper_bound":-0.018384534292551602},"point_estimate":-0.04212364125936563,"standard_error":0.011774541661264772}}