{"mean":{"confidence_interval":{"confidence_level":0.95,"lower_bound":-0.06079703255226488,"upper_bound":0.020338110109320497},"point_estimate":-0.020556395398336202,"standard_error":0.02037965969393779},"median":{"confidence_interval":{"confidence_level":0.95,"lower_bound":-0.010633207469864514,"upper_bound":0.007093875751307012},"point_estimate":0.0002753500612633353,"standard_error":0.004614560433061035}}