{"mean":{"confidence_interval":{"confidence_level":0.95,"lower_bound":359.93637582813216,"upper_bound":382.32161515792257},"point_estimate":371.2308558492997,"standard_error":5.702998584024193},"median":{"confidence_interval":{"confidence_level":0.95,"lower_bound":373.490642420428,"upper_bound":399.1215984033322},"point_estimate":390.91356135986734,"standard_error":6.68215408801031},"median_abs_dev":{"confidence_interval":{"confidence_level":0.95,"lower_bound":35.286351728880724,"upper_bound":76.3121362585425},"point_estimate":56.9860835316108,"standard_error":10.741391496390563},"slope":{"confidence_interval":{"confidence_level":0.95,"lower_bound":378.2925317928374,"upper_bound":399.50542138560616},"point_estimate":389.3747926107603,"standard_error":5.406312726673464},"std_dev":{"confidence_interval":{"confidence_level":0.95,"lower_bound":51.11258376911498,"upper_bound":62.632177852461496},"point_estimate":57.407357620428186,"standard_error":2.925758364379952}}