{"mean":{"confidence_interval":{"confidence_level":0.95,"lower_bound":0.010852951289886049,"upper_bound":0.05192717152831365},"point_estimate":0.03174424832448164,"standard_error":0.010538684949312108},"median":{"confidence_interval":{"confidence_level":0.95,"lower_bound":0.012371579772634922,"upper_bound":0.04178305235819946},"point_estimate":0.02631931710048585,"standard_error":0.007584793515562764}}