{"mean":{"confidence_interval":{"confidence_level":0.95,"lower_bound":-0.010761967080411416,"upper_bound":0.033856155053480746},"point_estimate":0.010720536815032489,"standard_error":0.011392196608628136},"median":{"confidence_interval":{"confidence_level":0.95,"lower_bound":0.012653912033239845,"upper_bound":0.03429105938019528},"point_estimate":0.023868109515156943,"standard_error":0.00549689863946839}}