{"mean":{"confidence_interval":{"confidence_level":0.95,"lower_bound":-0.0022861921581500797,"upper_bound":0.0013458104255165402},"point_estimate":-0.0005195367289089203,"standard_error":0.0009260183487300659},"median":{"confidence_interval":{"confidence_level":0.95,"lower_bound":-0.0004802065898602548,"upper_bound":0.0007794427197274079},"point_estimate":0.00022793742251070448,"standard_error":0.00032219709373688016}}