{"mean":{"confidence_interval":{"confidence_level":0.95,"lower_bound":-0.033493234519594406,"upper_bound":0.0019380749711755648},"point_estimate":-0.01667273156491378,"standard_error":0.008941068814854115},"median":{"confidence_interval":{"confidence_level":0.95,"lower_bound":-0.024699372964842037,"upper_bound":0.0060490720837917955},"point_estimate":-0.010220677101969722,"standard_error":0.007859782100791392}}