{"mean":{"confidence_interval":{"confidence_level":0.95,"lower_bound":0.09129449853859299,"upper_bound":0.1326754109406802},"point_estimate":0.11203817126844862,"standard_error":0.010584724580810794},"median":{"confidence_interval":{"confidence_level":0.95,"lower_bound":0.08806000175094253,"upper_bound":0.11511680426704216},"point_estimate":0.10198686864882922,"standard_error":0.006803384025694097}}