{"mean":{"confidence_interval":{"confidence_level":0.95,"lower_bound":-0.07643842472786912,"upper_bound":0.03921986294323436},"point_estimate":-0.020784415089875163,"standard_error":0.02951058539441371},"median":{"confidence_interval":{"confidence_level":0.95,"lower_bound":-0.06269951558805,"upper_bound":0.030500806475589615},"point_estimate":-0.021884200538659027,"standard_error":0.023432964465421927}}