{"mean":{"confidence_interval":{"confidence_level":0.95,"lower_bound":0.0007033904378281754,"upper_bound":0.07528722806837869},"point_estimate":0.03691080576695405,"standard_error":0.01895645681246739},"median":{"confidence_interval":{"confidence_level":0.95,"lower_bound":-0.029063961610953815,"upper_bound":0.0479334377017846},"point_estimate":-0.010368871743152264,"standard_error":0.019040935987542893}}