{"mean":{"confidence_interval":{"confidence_level":0.95,"lower_bound":-0.07997813938306687,"upper_bound":-0.0009011499501930055},"point_estimate":-0.04055445946283698,"standard_error":0.019737825960624424},"median":{"confidence_interval":{"confidence_level":0.95,"lower_bound":-0.06806553995889986,"upper_bound":0.01389957077229842},"point_estimate":-0.019810078630509542,"standard_error":0.019979330160730953}}