{"mean":{"confidence_interval":{"confidence_level":0.95,"lower_bound":0.004392926273788656,"upper_bound":0.0680684699518725},"point_estimate":0.03794491457152227,"standard_error":0.016233332628973265},"median":{"confidence_interval":{"confidence_level":0.95,"lower_bound":0.009015158425254466,"upper_bound":0.029456025377512907},"point_estimate":0.018991567166339207,"standard_error":0.005134927747449595}}