{"mean":{"confidence_interval":{"confidence_level":0.95,"lower_bound":-0.029620784246564294,"upper_bound":0.01028984434060527},"point_estimate":-0.00996271876165633,"standard_error":0.010133768430586328},"median":{"confidence_interval":{"confidence_level":0.95,"lower_bound":-0.0274380226717027,"upper_bound":-0.0016896219372803944},"point_estimate":-0.015506718852174584,"standard_error":0.006419251505472525}}