{"mean":{"confidence_interval":{"confidence_level":0.95,"lower_bound":-0.03757304034451013,"upper_bound":-0.006905620979384103},"point_estimate":-0.022658813439958014,"standard_error":0.0077736273626769},"median":{"confidence_interval":{"confidence_level":0.95,"lower_bound":-0.022676034453070204,"upper_bound":0.0015526656092275104},"point_estimate":-0.01072526526699602,"standard_error":0.006155262411908403}}