{"mean":{"confidence_interval":{"confidence_level":0.95,"lower_bound":-0.005657330646364859,"upper_bound":0.03651751940018595},"point_estimate":0.017058362763519908,"standard_error":0.01076227623642767},"median":{"confidence_interval":{"confidence_level":0.95,"lower_bound":0.01275688950174736,"upper_bound":0.02975150074628985},"point_estimate":0.02213307926809427,"standard_error":0.004292291924185376}}