{"mean":{"confidence_interval":{"confidence_level":0.95,"lower_bound":-0.03150039412462625,"upper_bound":0.14725058057844767},"point_estimate":0.044929850446264075,"standard_error":0.04888391348617002},"median":{"confidence_interval":{"confidence_level":0.95,"lower_bound":-0.031726027831305174,"upper_bound":0.0006642632387404391},"point_estimate":-0.016771771119395984,"standard_error":0.008082158524693621}}