{"mean":{"confidence_interval":{"confidence_level":0.95,"lower_bound":-0.019900557131251325,"upper_bound":0.07001260456115282},"point_estimate":0.023829892672592834,"standard_error":0.02298239017613987},"median":{"confidence_interval":{"confidence_level":0.95,"lower_bound":-0.05095003331003567,"upper_bound":0.08895394333831064},"point_estimate":0.006398878960882204,"standard_error":0.03421400194839411}}