{"mean":{"confidence_interval":{"confidence_level":0.95,"lower_bound":-0.12789161351252792,"upper_bound":-0.015047545055530884},"point_estimate":-0.07207493181211044,"standard_error":0.028676327263951265},"median":{"confidence_interval":{"confidence_level":0.95,"lower_bound":-0.18196453539323576,"upper_bound":0.0022465363842703034},"point_estimate":-0.09600890837555887,"standard_error":0.045476407248068576}}