{"mean":{"confidence_interval":{"confidence_level":0.95,"lower_bound":0.005214376799411718,"upper_bound":0.14706866497378498},"point_estimate":0.07573757935572645,"standard_error":0.03615039526208062},"median":{"confidence_interval":{"confidence_level":0.95,"lower_bound":-0.024561426528019625,"upper_bound":0.19685343698270263},"point_estimate":0.07073527471270569,"standard_error":0.05848919269903196}}