{"mean":{"confidence_interval":{"confidence_level":0.95,"lower_bound":0.0055469699565071084,"upper_bound":0.04322214178560212},"point_estimate":0.023876686001682135,"standard_error":0.009638793054459555},"median":{"confidence_interval":{"confidence_level":0.95,"lower_bound":0.017707007124023733,"upper_bound":0.04181604398298533},"point_estimate":0.02658453521427484,"standard_error":0.006406393292452288}}