{"mean":{"confidence_interval":{"confidence_level":0.95,"lower_bound":-0.013413747237711715,"upper_bound":0.026340282204965863},"point_estimate":0.006860878178296614,"standard_error":0.010077641275982908},"median":{"confidence_interval":{"confidence_level":0.95,"lower_bound":-0.0017113947715807765,"upper_bound":0.011159431751046611},"point_estimate":0.005885918143671676,"standard_error":0.0031065977625135124}}