{"mean":{"confidence_interval":{"confidence_level":0.95,"lower_bound":0.02124908898514133,"upper_bound":0.05439066960504732},"point_estimate":0.036722413803514264,"standard_error":0.008462286461553592},"median":{"confidence_interval":{"confidence_level":0.95,"lower_bound":0.012270783403935726,"upper_bound":0.04079178253546378},"point_estimate":0.026859260603837365,"standard_error":0.007349746037426947}}