{"mean":{"confidence_interval":{"confidence_level":0.95,"lower_bound":-0.15116879479416911,"upper_bound":0.219290548331716},"point_estimate":0.0184905606866117,"standard_error":0.0935895160160497},"median":{"confidence_interval":{"confidence_level":0.95,"lower_bound":-0.035060361833267994,"upper_bound":0.10252559621135804},"point_estimate":0.025017432260750816,"standard_error":0.03577331624131372}}