{"mean":{"confidence_interval":{"confidence_level":0.95,"lower_bound":0.009943409459855156,"upper_bound":0.05163168471459324},"point_estimate":0.029713023040883302,"standard_error":0.01061660195124265},"median":{"confidence_interval":{"confidence_level":0.95,"lower_bound":0.018155586900172,"upper_bound":0.04538659884615859},"point_estimate":0.032721502201991326,"standard_error":0.006892934479015198}}