{"mean":{"confidence_interval":{"confidence_level":0.95,"lower_bound":-0.07785136312059583,"upper_bound":0.06913370296043252},"point_estimate":-0.002142720866449732,"standard_error":0.03760414766627423},"median":{"confidence_interval":{"confidence_level":0.95,"lower_bound":0.005273683223118658,"upper_bound":0.09707339499255041},"point_estimate":0.04710096388256457,"standard_error":0.022141308372764436}}