{"mean":{"confidence_interval":{"confidence_level":0.95,"lower_bound":-0.03342300067889034,"upper_bound":0.017025522551507105},"point_estimate":-0.0095429945457709,"standard_error":0.012697389046177085},"median":{"confidence_interval":{"confidence_level":0.95,"lower_bound":-0.015079475298333806,"upper_bound":0.0057420849473361546},"point_estimate":-0.005423348743434087,"standard_error":0.005250076381072861}}