{"mean":{"confidence_interval":{"confidence_level":0.95,"lower_bound":195.7657680430783,"upper_bound":199.6762462631651},"point_estimate":197.68726263956327,"standard_error":1.0004563572460705},"median":{"confidence_interval":{"confidence_level":0.95,"lower_bound":195.40333326114575,"upper_bound":200.30877360766473},"point_estimate":197.09212410664517,"standard_error":1.4376931900181018},"median_abs_dev":{"confidence_interval":{"confidence_level":0.95,"lower_bound":7.15836715556582,"upper_bound":11.970412341439989},"point_estimate":9.055229856191522,"standard_error":1.2254984373903368},"slope":{"confidence_interval":{"confidence_level":0.95,"lower_bound":196.77829173749743,"upper_bound":200.6305223321295},"point_estimate":198.73969404571773,"standard_error":0.9803641883239748},"std_dev":{"confidence_interval":{"confidence_level":0.95,"lower_bound":7.850682336873594,"upper_bound":12.557993543807404},"point_estimate":10.034099118886619,"standard_error":1.2500253996073785}}