{"mean":{"confidence_interval":{"confidence_level":0.95,"lower_bound":194.44666715047921,"upper_bound":198.57164040239252},"point_estimate":196.45042072302982,"standard_error":1.0550999939862789},"median":{"confidence_interval":{"confidence_level":0.95,"lower_bound":194.02844107655105,"upper_bound":198.90691064512862},"point_estimate":196.16373254376637,"standard_error":1.259196693248411},"median_abs_dev":{"confidence_interval":{"confidence_level":0.95,"lower_bound":6.419606625517716,"upper_bound":10.378318465590777},"point_estimate":8.03395106929282,"standard_error":1.0129824348071332},"slope":{"confidence_interval":{"confidence_level":0.95,"lower_bound":195.81818338755932,"upper_bound":198.69712688359797},"point_estimate":197.25689777336416,"standard_error":0.7342648011246068},"std_dev":{"confidence_interval":{"confidence_level":0.95,"lower_bound":7.985827468029391,"upper_bound":13.332051497989175},"point_estimate":10.557655637210996,"standard_error":1.4041267916771423}}