{"mean":{"confidence_interval":{"confidence_level":0.95,"lower_bound":681.3825294231914,"upper_bound":701.4538629131797},"point_estimate":691.5926506457905,"standard_error":5.124465765152438},"median":{"confidence_interval":{"confidence_level":0.95,"lower_bound":688.581877394636,"upper_bound":699.6215464994775},"point_estimate":695.7006170758298,"standard_error":2.873958104883409},"median_abs_dev":{"confidence_interval":{"confidence_level":0.95,"lower_bound":18.474983536285663,"upper_bound":39.98781827664423},"point_estimate":25.540031060397464,"standard_error":5.755617174870181},"slope":{"confidence_interval":{"confidence_level":0.95,"lower_bound":682.0427282262036,"upper_bound":704.0875405353688},"point_estimate":693.760486721055,"standard_error":5.642338468678509},"std_dev":{"confidence_interval":{"confidence_level":0.95,"lower_bound":39.36889662466863,"upper_bound":61.76018451230772},"point_estimate":51.297960865878885,"standard_error":5.7041222899722195}}