{"mean":{"confidence_interval":{"confidence_level":0.95,"lower_bound":-0.0641331418860951,"upper_bound":-0.027293473388981766},"point_estimate":-0.04643337155692573,"standard_error":0.00938318722516629},"median":{"confidence_interval":{"confidence_level":0.95,"lower_bound":-0.04984691358383258,"upper_bound":-0.03429422121846337},"point_estimate":-0.043074901122764575,"standard_error":0.004047098550153644}}