{"mean":{"confidence_interval":{"confidence_level":0.95,"lower_bound":-0.07862358185145613,"upper_bound":0.022819170179133024},"point_estimate":-0.031211109154618333,"standard_error":0.025766317118968818},"median":{"confidence_interval":{"confidence_level":0.95,"lower_bound":-0.029534919865035536,"upper_bound":0.022325125136222868},"point_estimate":-0.004750225608315728,"standard_error":0.013317625060207403}}