{"mean":{"confidence_interval":{"confidence_level":0.95,"lower_bound":757.961902298847,"upper_bound":1174.0062727200796},"point_estimate":913.7052635787346,"standard_error":113.03742884273508},"median":{"confidence_interval":{"confidence_level":0.95,"lower_bound":653.5471754257462,"upper_bound":659.6908482142857},"point_estimate":656.3057285414166,"standard_error":1.6555024178420852},"median_abs_dev":{"confidence_interval":{"confidence_level":0.95,"lower_bound":29.39795686338628,"upper_bound":42.85298557901091},"point_estimate":36.34993923481617,"standard_error":3.375156734872637},"slope":{"confidence_interval":{"confidence_level":0.95,"lower_bound":647.2826186325515,"upper_bound":652.7530919186997},"point_estimate":650.0331781571722,"standard_error":1.3935496214326109},"std_dev":{"confidence_interval":{"confidence_level":0.95,"lower_bound":461.7701130845025,"upper_bound":4274.279784086574},"point_estimate":2527.3555920201143,"standard_error":1240.1997156384884}}