{"mean":{"confidence_interval":{"confidence_level":0.95,"lower_bound":-0.026145336456709165,"upper_bound":0.010554240258993219},"point_estimate":-0.007557260771201224,"standard_error":0.009359286248837367},"median":{"confidence_interval":{"confidence_level":0.95,"lower_bound":-0.008424331404277563,"upper_bound":0.012591264956330228},"point_estimate":0.0029682294869111114,"standard_error":0.005113108753944979}}