{"mean":{"confidence_interval":{"confidence_level":0.95,"lower_bound":-0.11694125384446577,"upper_bound":0.09275147908863242},"point_estimate":-0.014295015412910894,"standard_error":0.053754061983504874},"median":{"confidence_interval":{"confidence_level":0.95,"lower_bound":-0.2008782799184855,"upper_bound":0.1450780495845656},"point_estimate":-0.0704932391106814,"standard_error":0.08922497916045136}}