{"mean":{"confidence_interval":{"confidence_level":0.95,"lower_bound":0.0024559464622862797,"upper_bound":0.03984935777515274},"point_estimate":0.021004090968159694,"standard_error":0.009524764408756048},"median":{"confidence_interval":{"confidence_level":0.95,"lower_bound":0.0068326449992552885,"upper_bound":0.028093938127421447},"point_estimate":0.017850664367975666,"standard_error":0.005467725767320081}}