{"mean":{"confidence_interval":{"confidence_level":0.95,"lower_bound":6990.470743932668,"upper_bound":8498.957049734501},"point_estimate":7555.82958984308,"standard_error":411.97996502960547},"median":{"confidence_interval":{"confidence_level":0.95,"lower_bound":6688.167083333334,"upper_bound":6885.3599490238885},"point_estimate":6786.385845424933,"standard_error":47.632082590504666},"median_abs_dev":{"confidence_interval":{"confidence_level":0.95,"lower_bound":804.0512010468198,"upper_bound":971.0419316875655},"point_estimate":898.0218244118633,"standard_error":42.36858898614584},"slope":{"confidence_interval":{"confidence_level":0.95,"lower_bound":6946.401301687445,"upper_bound":7146.13909843764},"point_estimate":7042.181985009003,"standard_error":51.00326660113733},"std_dev":{"confidence_interval":{"confidence_level":0.95,"lower_bound":2000.8413915415956,"upper_bound":15633.96053258056},"point_estimate":9254.554840957957,"standard_error":4569.689479264502}}