{"mean":{"confidence_interval":{"confidence_level":0.95,"lower_bound":-0.29963414748701733,"upper_bound":-0.2092941889874411},"point_estimate":-0.2566736683175178,"standard_error":0.023032625114256716},"median":{"confidence_interval":{"confidence_level":0.95,"lower_bound":-0.3617925148617196,"upper_bound":-0.2112193897713288},"point_estimate":-0.3016774441628042,"standard_error":0.040299358427065696}}