{"mean":{"confidence_interval":{"confidence_level":0.95,"lower_bound":0.08962743887426637,"upper_bound":0.27681034116520475},"point_estimate":0.1821948050744835,"standard_error":0.04792670678972262},"median":{"confidence_interval":{"confidence_level":0.95,"lower_bound":0.08577188183639728,"upper_bound":0.19162947299680974},"point_estimate":0.13466039389629048,"standard_error":0.02571224586210598}}