{"mean":{"confidence_interval":{"confidence_level":0.95,"lower_bound":0.00755416206495844,"upper_bound":0.03904466737014546},"point_estimate":0.023048160239855564,"standard_error":0.00791095339783621},"median":{"confidence_interval":{"confidence_level":0.95,"lower_bound":-0.0005491354123189351,"upper_bound":0.01365870016130979},"point_estimate":0.006060156344245726,"standard_error":0.003655578873658155}}