{"mean":{"confidence_interval":{"confidence_level":0.95,"lower_bound":2.409922041471094,"upper_bound":2.4316378193688784},"point_estimate":2.420783804811545,"standard_error":0.005552092602089905},"median":{"confidence_interval":{"confidence_level":0.95,"lower_bound":2.4378437303968337,"upper_bound":2.4516963699031202},"point_estimate":2.4472018936791433,"standard_error":0.0037783237375896106},"median_abs_dev":{"confidence_interval":{"confidence_level":0.95,"lower_bound":0.037887802646377554,"upper_bound":0.05030550534489641},"point_estimate":0.04229498368390651,"standard_error":0.003387925322969232},"slope":{"confidence_interval":{"confidence_level":0.95,"lower_bound":2.4548527041727266,"upper_bound":2.46195607203319},"point_estimate":2.458441746009857,"standard_error":0.0018236632171437805},"std_dev":{"confidence_interval":{"confidence_level":0.95,"lower_bound":0.11033461478684449,"upper_bound":0.13739692690416463},"point_estimate":0.12366376251249815,"standard_error":0.006918061678521619}}