{"mean":{"confidence_interval":{"confidence_level":0.95,"lower_bound":0.07739741432842925,"upper_bound":0.15819387139475882},"point_estimate":0.12034110756341354,"standard_error":0.02060382970954952},"median":{"confidence_interval":{"confidence_level":0.95,"lower_bound":0.06967526970684501,"upper_bound":0.17001657363845535},"point_estimate":0.12590821337310998,"standard_error":0.02526647709345752}}