{"mean":{"confidence_interval":{"confidence_level":0.95,"lower_bound":214.58165540139663,"upper_bound":221.79925706746633},"point_estimate":218.20344424846917,"standard_error":1.8332565510307135},"median":{"confidence_interval":{"confidence_level":0.95,"lower_bound":222.40393704253478,"upper_bound":230.08529342353683},"point_estimate":225.57509033423668,"standard_error":2.2334502522959814},"median_abs_dev":{"confidence_interval":{"confidence_level":0.95,"lower_bound":37.06513195936446,"upper_bound":49.38807979226081},"point_estimate":44.103750240785836,"standard_error":3.333532536327465},"slope":{"confidence_interval":{"confidence_level":0.95,"lower_bound":201.3191220502336,"upper_bound":210.07665782549682},"point_estimate":205.6559077509317,"standard_error":2.2301896472965503},"std_dev":{"confidence_interval":{"confidence_level":0.95,"lower_bound":37.60914828414111,"upper_bound":44.76549514583083},"point_estimate":41.047710646037245,"standard_error":1.8324957780922382}}