{"mean":{"confidence_interval":{"confidence_level":0.95,"lower_bound":-0.11510005435839253,"upper_bound":-0.05870040838784829},"point_estimate":-0.08750039990737313,"standard_error":0.014276499563242593},"median":{"confidence_interval":{"confidence_level":0.95,"lower_bound":-0.09464815199009635,"upper_bound":-0.06821317977558417},"point_estimate":-0.08166855002042661,"standard_error":0.007007418855770559}}