{"mean":{"confidence_interval":{"confidence_level":0.95,"lower_bound":-0.011179965771209706,"upper_bound":0.025315220989978036},"point_estimate":0.005941099189141097,"standard_error":0.009397207763393856},"median":{"confidence_interval":{"confidence_level":0.95,"lower_bound":0.015251870161924419,"upper_bound":0.030634341565452416},"point_estimate":0.022013037385744116,"standard_error":0.003832131643272931}}