{"mean":{"confidence_interval":{"confidence_level":0.95,"lower_bound":-0.004886945467442428,"upper_bound":0.06318879506859343},"point_estimate":0.02741654067274557,"standard_error":0.017381717958121844},"median":{"confidence_interval":{"confidence_level":0.95,"lower_bound":-0.05261927012983221,"upper_bound":0.02076864907150628},"point_estimate":-0.04564534452185309,"standard_error":0.021517578865370705}}