{"mean":{"confidence_interval":{"confidence_level":0.95,"lower_bound":-0.046847550734619214,"upper_bound":0.04513509467753763},"point_estimate":-0.0011478742136147302,"standard_error":0.023189810060357058},"median":{"confidence_interval":{"confidence_level":0.95,"lower_bound":-0.031074839807884502,"upper_bound":0.009535371586036456},"point_estimate":-0.013235539302790422,"standard_error":0.010368893059936133}}