{"mean":{"confidence_interval":{"confidence_level":0.95,"lower_bound":34.380167298672795,"upper_bound":35.35583694924711},"point_estimate":34.83360680983045,"standard_error":0.24921866234264237},"median":{"confidence_interval":{"confidence_level":0.95,"lower_bound":33.8807969131082,"upper_bound":34.15207195910341},"point_estimate":34.00257692532584,"standard_error":0.08562828992333883},"median_abs_dev":{"confidence_interval":{"confidence_level":0.95,"lower_bound":0.43351649171880235,"upper_bound":0.8250838676300661},"point_estimate":0.6371476928638075,"standard_error":0.10614431884603376},"slope":{"confidence_interval":{"confidence_level":0.95,"lower_bound":33.90617817377361,"upper_bound":34.342501815896696},"point_estimate":34.089806655604654,"standard_error":0.11236621791468306},"std_dev":{"confidence_interval":{"confidence_level":0.95,"lower_bound":1.648608126871314,"upper_bound":3.2189983370099013},"point_estimate":2.5071363341157613,"standard_error":0.4017074369875016}}