{"mean":{"confidence_interval":{"confidence_level":0.95,"lower_bound":-0.025715031368059933,"upper_bound":0.05798584673793272},"point_estimate":0.015156365551030282,"standard_error":0.02123363563902606},"median":{"confidence_interval":{"confidence_level":0.95,"lower_bound":0.005462426621489547,"upper_bound":0.06480237571146685},"point_estimate":0.03309977230858041,"standard_error":0.01498392771200068}}