{"mean":{"confidence_interval":{"confidence_level":0.95,"lower_bound":-0.02903425238271655,"upper_bound":0.042475679134731326},"point_estimate":0.006017970494929692,"standard_error":0.018244461846215115},"median":{"confidence_interval":{"confidence_level":0.95,"lower_bound":-0.006109984256799428,"upper_bound":0.017002891652505348},"point_estimate":0.006780047722244387,"standard_error":0.005795239505229052}}