{"mean":{"confidence_interval":{"confidence_level":0.95,"lower_bound":-0.10061364482116629,"upper_bound":0.011498258236248773},"point_estimate":-0.04627013558302273,"standard_error":0.02871398060758121},"median":{"confidence_interval":{"confidence_level":0.95,"lower_bound":-0.02425610020408956,"upper_bound":0.006839140244523811},"point_estimate":-0.0073253929159616815,"standard_error":0.00803316642146912}}