{"mean":{"confidence_interval":{"confidence_level":0.95,"lower_bound":-0.024315820309810346,"upper_bound":0.005640586017550899},"point_estimate":-0.00922449578683826,"standard_error":0.007528390479550733},"median":{"confidence_interval":{"confidence_level":0.95,"lower_bound":-0.017950187711759713,"upper_bound":-0.007796740575604977},"point_estimate":-0.014128286199532658,"standard_error":0.002576567837199641}}