{"mean":{"confidence_interval":{"confidence_level":0.95,"lower_bound":-0.03120457949315198,"upper_bound":-0.005874058721278683},"point_estimate":-0.018665751167553757,"standard_error":0.006438373337292374},"median":{"confidence_interval":{"confidence_level":0.95,"lower_bound":-0.023029155845708305,"upper_bound":-0.00651187788033869},"point_estimate":-0.013791032005169068,"standard_error":0.004221863354074294}}