{"mean":{"confidence_interval":{"confidence_level":0.95,"lower_bound":-0.07195290614649544,"upper_bound":0.01569439366268697},"point_estimate":-0.030093464326912844,"standard_error":0.022077573336220915},"median":{"confidence_interval":{"confidence_level":0.95,"lower_bound":-0.03140189134067467,"upper_bound":-0.011678621983658433},"point_estimate":-0.021228404907229326,"standard_error":0.005069814921291064}}