{"mean":{"confidence_interval":{"confidence_level":0.95,"lower_bound":-0.003827248966684156,"upper_bound":0.026192143447699517},"point_estimate":0.01118970019231047,"standard_error":0.007673602711560481},"median":{"confidence_interval":{"confidence_level":0.95,"lower_bound":-0.013206632087620407,"upper_bound":0.02009367143388774},"point_estimate":-0.0014726374953458743,"standard_error":0.00832300166821399}}