{"mean":{"confidence_interval":{"confidence_level":0.95,"lower_bound":-0.028998476466262253,"upper_bound":0.003684458235123054},"point_estimate":-0.01247297978759676,"standard_error":0.008304815147760823},"median":{"confidence_interval":{"confidence_level":0.95,"lower_bound":-0.02115211508906467,"upper_bound":0.014162664997591343},"point_estimate":-0.0013542771504148066,"standard_error":0.00918772429426131}}