{"mean":{"confidence_interval":{"confidence_level":0.95,"lower_bound":-0.17334559007360004,"upper_bound":-0.06523816656582708},"point_estimate":-0.12293259774584853,"standard_error":0.026361722134663028},"median":{"confidence_interval":{"confidence_level":0.95,"lower_bound":-0.12664148704128408,"upper_bound":-0.05695898334829996},"point_estimate":-0.07529914351125411,"standard_error":0.019216343231017893}}