{"mean":{"confidence_interval":{"confidence_level":0.95,"lower_bound":-0.007467940961903634,"upper_bound":0.0005144468484645719},"point_estimate":-0.0037233976702738536,"standard_error":0.002037880643513487},"median":{"confidence_interval":{"confidence_level":0.95,"lower_bound":-0.003826498086063057,"upper_bound":0.0007374159123270108},"point_estimate":-0.0007431495401121202,"standard_error":0.0011941772657360977}}