{"mean":{"confidence_interval":{"confidence_level":0.95,"lower_bound":0.12038500122523241,"upper_bound":0.3935631815606932},"point_estimate":0.24856708857733212,"standard_error":0.06843443912967459},"median":{"confidence_interval":{"confidence_level":0.95,"lower_bound":0.026926277712898114,"upper_bound":0.07724775348063151},"point_estimate":0.04766774289428821,"standard_error":0.013500661413335335}}