{"mean":{"confidence_interval":{"confidence_level":0.95,"lower_bound":-0.05371109692007884,"upper_bound":0.10302308613886982},"point_estimate":0.019456757273363712,"standard_error":0.04012184554011944},"median":{"confidence_interval":{"confidence_level":0.95,"lower_bound":-0.01820639650711639,"upper_bound":0.007995707363365634},"point_estimate":-0.007218794619324287,"standard_error":0.0063778358204935265}}