{"mean":{"confidence_interval":{"confidence_level":0.95,"lower_bound":-0.02587916581229514,"upper_bound":0.09351141683058811},"point_estimate":0.030936146584556123,"standard_error":0.030420545752977878},"median":{"confidence_interval":{"confidence_level":0.95,"lower_bound":-0.03686767340823771,"upper_bound":0.1148704731675218},"point_estimate":0.024569568595641744,"standard_error":0.03906013357828868}}