{"mean":{"confidence_interval":{"confidence_level":0.95,"lower_bound":-0.06534591971825172,"upper_bound":-0.03205203255644693},"point_estimate":-0.04834942191853153,"standard_error":0.008458023536812334},"median":{"confidence_interval":{"confidence_level":0.95,"lower_bound":-0.047571781324027625,"upper_bound":-0.031269177420900074},"point_estimate":-0.03940195831180415,"standard_error":0.004009384316855641}}