{"mean":{"confidence_interval":{"confidence_level":0.95,"lower_bound":-0.039468509889689835,"upper_bound":-0.005157808167992922},"point_estimate":-0.022700789577486558,"standard_error":0.008804518191646288},"median":{"confidence_interval":{"confidence_level":0.95,"lower_bound":-0.04416591996477415,"upper_bound":-0.009008860781381078},"point_estimate":-0.026146353130481637,"standard_error":0.009171610247806404}}