{"mean":{"confidence_interval":{"confidence_level":0.95,"lower_bound":-0.025033909557199998,"upper_bound":0.012998487868518292},"point_estimate":-0.005942905664698572,"standard_error":0.009684845385437688},"median":{"confidence_interval":{"confidence_level":0.95,"lower_bound":-0.022289107036242428,"upper_bound":0.010643018797643723},"point_estimate":-0.008779561369364863,"standard_error":0.008232871885092224}}