{"mean":{"confidence_interval":{"confidence_level":0.95,"lower_bound":-0.12466349476580535,"upper_bound":0.025489357512392466},"point_estimate":-0.04654708554715836,"standard_error":0.03835738628381349},"median":{"confidence_interval":{"confidence_level":0.95,"lower_bound":-0.0352499860327008,"upper_bound":0.007076622710471492},"point_estimate":-0.014153365922974115,"standard_error":0.01007853446964787}}