{"mean":{"confidence_interval":{"confidence_level":0.95,"lower_bound":-0.0009870606001206362,"upper_bound":0.0560331207000219},"point_estimate":0.026471850442549405,"standard_error":0.014558543371966624},"median":{"confidence_interval":{"confidence_level":0.95,"lower_bound":0.005874235375455061,"upper_bound":0.038167272358499815},"point_estimate":0.021159179087274493,"standard_error":0.008261910440695715}}