{"mean":{"confidence_interval":{"confidence_level":0.95,"lower_bound":-0.026575611354451894,"upper_bound":0.040107796463600145},"point_estimate":0.005784580737548728,"standard_error":0.01704472857686557},"median":{"confidence_interval":{"confidence_level":0.95,"lower_bound":-0.043394525558585806,"upper_bound":-0.015514751297464515},"point_estimate":-0.03145093989506398,"standard_error":0.007306041301125854}}