{"mean":{"confidence_interval":{"confidence_level":0.95,"lower_bound":25.065386813513598,"upper_bound":27.055658933260244},"point_estimate":25.951204177822547,"standard_error":0.5114882785108541},"median":{"confidence_interval":{"confidence_level":0.95,"lower_bound":24.36856327840197,"upper_bound":24.456336612865684},"point_estimate":24.41394723379915,"standard_error":0.022278560893914282},"median_abs_dev":{"confidence_interval":{"confidence_level":0.95,"lower_bound":0.39052338860084446,"upper_bound":0.5225218902764741},"point_estimate":0.4493735080759101,"standard_error":0.035061287722161945},"slope":{"confidence_interval":{"confidence_level":0.95,"lower_bound":24.425264583371586,"upper_bound":24.886146773120714},"point_estimate":24.631354208397735,"standard_error":0.11821347426667332},"std_dev":{"confidence_interval":{"confidence_level":0.95,"lower_bound":5.6126954476361774,"upper_bound":16.554277785550383},"point_estimate":11.496298136009782,"standard_error":2.8056243515329427}}