{"mean":{"confidence_interval":{"confidence_level":0.95,"lower_bound":-0.029814576893760502,"upper_bound":0.023815859796153305},"point_estimate":-0.0033067813624423348,"standard_error":0.01355066310768014},"median":{"confidence_interval":{"confidence_level":0.95,"lower_bound":-0.005701038705273609,"upper_bound":0.010193669155912355},"point_estimate":0.0024215548453940805,"standard_error":0.004078560761153402}}