{"mean":{"confidence_interval":{"confidence_level":0.95,"lower_bound":0.002933542485749664,"upper_bound":0.049543553591676524},"point_estimate":0.026583987356420424,"standard_error":0.011962801158315148},"median":{"confidence_interval":{"confidence_level":0.95,"lower_bound":0.0023952784197517228,"upper_bound":0.04094186435216142},"point_estimate":0.022670389369267463,"standard_error":0.010072327876280365}}