{"mean":{"confidence_interval":{"confidence_level":0.95,"lower_bound":-0.009790633861003793,"upper_bound":0.022240186076254227},"point_estimate":0.005128801861904009,"standard_error":0.008129882607831472},"median":{"confidence_interval":{"confidence_level":0.95,"lower_bound":-0.007780061940252603,"upper_bound":0.015425885498703718},"point_estimate":0.007204526476233708,"standard_error":0.006173517206839761}}