{"mean":{"confidence_interval":{"confidence_level":0.95,"lower_bound":0.019186189905513806,"upper_bound":0.05618419056451481},"point_estimate":0.03773493328508826,"standard_error":0.009439405092257762},"median":{"confidence_interval":{"confidence_level":0.95,"lower_bound":0.0277198716289381,"upper_bound":0.049295264132493966},"point_estimate":0.03914522504651252,"standard_error":0.005750125214394472}}