{"mean":{"confidence_interval":{"confidence_level":0.95,"lower_bound":0.746018367781976,"upper_bound":0.9021593786492309},"point_estimate":0.8148418450411923,"standard_error":0.04030467147981974},"median":{"confidence_interval":{"confidence_level":0.95,"lower_bound":0.6756683232721618,"upper_bound":0.7248954555922704},"point_estimate":0.6967369769896476,"standard_error":0.012036014685142636},"median_abs_dev":{"confidence_interval":{"confidence_level":0.95,"lower_bound":0.061627166274412976,"upper_bound":0.11864039031256299},"point_estimate":0.08552004870202361,"standard_error":0.014847470513032496},"slope":{"confidence_interval":{"confidence_level":0.95,"lower_bound":0.6575902904898613,"upper_bound":0.6812382764307715},"point_estimate":0.6682439246282827,"standard_error":0.006062435430930905},"std_dev":{"confidence_interval":{"confidence_level":0.95,"lower_bound":0.1809351376898725,"upper_bound":0.5997228375652132},"point_estimate":0.40645762999961255,"standard_error":0.10990023314931988}}