{"mean":{"confidence_interval":{"confidence_level":0.95,"lower_bound":-0.0038199085203212283,"upper_bound":0.05407792358809736},"point_estimate":0.025048826950507808,"standard_error":0.014803276552082648},"median":{"confidence_interval":{"confidence_level":0.95,"lower_bound":0.028769654255794697,"upper_bound":0.11575679989299803},"point_estimate":0.08077808445165213,"standard_error":0.02071290941042852}}