{"mean":{"confidence_interval":{"confidence_level":0.95,"lower_bound":-0.013620599882681583,"upper_bound":0.011896021480308603},"point_estimate":-0.0007175889623235454,"standard_error":0.006544140815934638},"median":{"confidence_interval":{"confidence_level":0.95,"lower_bound":-0.015851717114611863,"upper_bound":0.017991362245576736},"point_estimate":-0.0024135125220131615,"standard_error":0.008552617907361833}}