{"mean":{"confidence_interval":{"confidence_level":0.95,"lower_bound":49.08287709361331,"upper_bound":50.13832090688272},"point_estimate":49.562023258941856,"standard_error":0.27048500996215025},"median":{"confidence_interval":{"confidence_level":0.95,"lower_bound":49.17637002722377,"upper_bound":49.64172784121806},"point_estimate":49.41815519622217,"standard_error":0.13090469095524798},"median_abs_dev":{"confidence_interval":{"confidence_level":0.95,"lower_bound":1.9525870023617447,"upper_bound":2.447135806985424},"point_estimate":2.189971878289351,"standard_error":0.1258479945159024},"slope":{"confidence_interval":{"confidence_level":0.95,"lower_bound":49.40952793296274,"upper_bound":49.805128489554356},"point_estimate":49.61068121309291,"standard_error":0.1010539960532967},"std_dev":{"confidence_interval":{"confidence_level":0.95,"lower_bound":3.2777739050740182,"upper_bound":8.349224246901484},"point_estimate":6.027109452823177,"standard_error":1.2833806332550495}}