{"mean":{"confidence_interval":{"confidence_level":0.95,"lower_bound":-0.05772238463398045,"upper_bound":-0.02274479097929963},"point_estimate":-0.04003029084172949,"standard_error":0.008926609645440843},"median":{"confidence_interval":{"confidence_level":0.95,"lower_bound":-0.0632186825795441,"upper_bound":-0.037261416161564864},"point_estimate":-0.05006595601704211,"standard_error":0.006788709126470982}}