{"mean":{"confidence_interval":{"confidence_level":0.95,"lower_bound":0.007365955715323309,"upper_bound":0.040585338197950814},"point_estimate":0.023658405501753466,"standard_error":0.008530466255798898},"median":{"confidence_interval":{"confidence_level":0.95,"lower_bound":0.02262891248640342,"upper_bound":0.03755961557693399},"point_estimate":0.029924407179563906,"standard_error":0.003813916363716832}}