{"mean":{"confidence_interval":{"confidence_level":0.95,"lower_bound":-0.10701648009973604,"upper_bound":0.010578782137251419},"point_estimate":-0.05009528134143071,"standard_error":0.03007623234451681},"median":{"confidence_interval":{"confidence_level":0.95,"lower_bound":-0.1081747493326437,"upper_bound":0.05832947102585751},"point_estimate":-0.013414634422543092,"standard_error":0.04288324235642501}}