{"mean":{"confidence_interval":{"confidence_level":0.95,"lower_bound":-0.002579664124372388,"upper_bound":0.12531080453512924},"point_estimate":0.06072249154396259,"standard_error":0.032926144578295666},"median":{"confidence_interval":{"confidence_level":0.95,"lower_bound":-0.03445988474783368,"upper_bound":0.12811649048649398},"point_estimate":0.03757909564798623,"standard_error":0.04178923066306165}}