{"mean":{"confidence_interval":{"confidence_level":0.95,"lower_bound":-0.01767870522168796,"upper_bound":0.013833799073368121},"point_estimate":-0.0016710160656510098,"standard_error":0.008075533074461638},"median":{"confidence_interval":{"confidence_level":0.95,"lower_bound":-0.02058987108398158,"upper_bound":0.014686598409574536},"point_estimate":-0.005646175675420473,"standard_error":0.008976927008428035}}