{"mean":{"confidence_interval":{"confidence_level":0.95,"lower_bound":-0.008545206982053426,"upper_bound":0.021527126118041084},"point_estimate":0.006295949440990212,"standard_error":0.007599344629112423},"median":{"confidence_interval":{"confidence_level":0.95,"lower_bound":-0.01142491472114926,"upper_bound":0.02740518207602749},"point_estimate":0.004732738059374242,"standard_error":0.010117789854283958}}