{"mean":{"confidence_interval":{"confidence_level":0.95,"lower_bound":52.52039068983116,"upper_bound":54.1084999574645},"point_estimate":53.320704265125144,"standard_error":0.40506661982012926},"median":{"confidence_interval":{"confidence_level":0.95,"lower_bound":53.22078942573802,"upper_bound":54.32778506151984},"point_estimate":53.68557879236522,"standard_error":0.26207478192047773},"median_abs_dev":{"confidence_interval":{"confidence_level":0.95,"lower_bound":1.9656963439586568,"upper_bound":3.5120694544937856},"point_estimate":2.6688662552068667,"standard_error":0.3969190869241081},"slope":{"confidence_interval":{"confidence_level":0.95,"lower_bound":53.3437941116009,"upper_bound":54.32064594154706},"point_estimate":53.839017101571024,"standard_error":0.2491681433599779},"std_dev":{"confidence_interval":{"confidence_level":0.95,"lower_bound":3.311174584476478,"upper_bound":4.73083217135303},"point_estimate":4.067581923844055,"standard_error":0.36412193647575336}}