{"mean":{"confidence_interval":{"confidence_level":0.95,"lower_bound":5700.9666802553775,"upper_bound":6065.092521648965},"point_estimate":5850.82556189462,"standard_error":94.50497573443239},"median":{"confidence_interval":{"confidence_level":0.95,"lower_bound":5623.193006490675,"upper_bound":5890.167733777998},"point_estimate":5768.970676305124,"standard_error":65.2187869089142},"median_abs_dev":{"confidence_interval":{"confidence_level":0.95,"lower_bound":730.8233123151722,"upper_bound":873.5269850102453},"point_estimate":807.7335002242601,"standard_error":34.84077173240111},"slope":{"confidence_interval":{"confidence_level":0.95,"lower_bound":6190.1397595642275,"upper_bound":6317.20923200731},"point_estimate":6254.2573091459435,"standard_error":32.28940836009575},"std_dev":{"confidence_interval":{"confidence_level":0.95,"lower_bound":930.0063072221589,"upper_bound":3393.0442125851355},"point_estimate":2115.597847294154,"standard_error":826.630804092688}}