{"mean":{"confidence_interval":{"confidence_level":0.95,"lower_bound":-0.00271516344323644,"upper_bound":0.03664762330470699},"point_estimate":0.01662523799524429,"standard_error":0.010015023766759956},"median":{"confidence_interval":{"confidence_level":0.95,"lower_bound":0.009215978421247566,"upper_bound":0.035409116147027575},"point_estimate":0.024926902296412923,"standard_error":0.006949356892866204}}