{"mean":{"confidence_interval":{"confidence_level":0.95,"lower_bound":356.55139463855164,"upper_bound":379.0686626186627},"point_estimate":367.25872650685346,"standard_error":5.761312476754206},"median":{"confidence_interval":{"confidence_level":0.95,"lower_bound":344.01014109347443,"upper_bound":355.8823724019037},"point_estimate":349.72914827981015,"standard_error":3.1118323065986804},"median_abs_dev":{"confidence_interval":{"confidence_level":0.95,"lower_bound":56.75404330188595,"upper_bound":70.60570443424781},"point_estimate":62.54112440002658,"standard_error":3.580338656354982},"slope":{"confidence_interval":{"confidence_level":0.95,"lower_bound":334.2114029322725,"upper_bound":361.87020687390697},"point_estimate":346.8263123333752,"standard_error":7.050597258962197},"std_dev":{"confidence_interval":{"confidence_level":0.95,"lower_bound":96.03475038601002,"upper_bound":159.54015278098686},"point_estimate":128.92449508922917,"standard_error":16.272481738925872}}