{"mean":{"confidence_interval":{"confidence_level":0.95,"lower_bound":0.03367884680072637,"upper_bound":0.09635603221036751},"point_estimate":0.06530592511911193,"standard_error":0.01611671484543584},"median":{"confidence_interval":{"confidence_level":0.95,"lower_bound":0.09723443384871211,"upper_bound":0.14118412871038055},"point_estimate":0.12231268351743552,"standard_error":0.012325831153397629}}