{"mean":{"confidence_interval":{"confidence_level":0.95,"lower_bound":-0.08163597420591875,"upper_bound":0.011526264472012538},"point_estimate":-0.03669675613481227,"standard_error":0.023691454004823462},"median":{"confidence_interval":{"confidence_level":0.95,"lower_bound":-0.023538187841991465,"upper_bound":0.018442800030384454},"point_estimate":-0.0060913276461992405,"standard_error":0.0103118365691537}}