{"mean":{"confidence_interval":{"confidence_level":0.95,"lower_bound":-0.02509108913029615,"upper_bound":0.018896404724618034},"point_estimate":-0.0029320863664111796,"standard_error":0.011264192707006572},"median":{"confidence_interval":{"confidence_level":0.95,"lower_bound":-0.024931691448962012,"upper_bound":0.007480482172803393},"point_estimate":-0.010306664597039217,"standard_error":0.008570384695646976}}