{"mean":{"confidence_interval":{"confidence_level":0.95,"lower_bound":-0.01873690021032082,"upper_bound":0.020712410380032645},"point_estimate":0.0004665204518796706,"standard_error":0.010094338966178912},"median":{"confidence_interval":{"confidence_level":0.95,"lower_bound":-0.01774552856020506,"upper_bound":0.015757048483657776},"point_estimate":0.002811132219629142,"standard_error":0.008793796093192238}}