{"mean":{"confidence_interval":{"confidence_level":0.95,"lower_bound":-0.004882448691567543,"upper_bound":0.028300257193755507},"point_estimate":0.01148447742417713,"standard_error":0.008415232778189372},"median":{"confidence_interval":{"confidence_level":0.95,"lower_bound":0.011674515370823757,"upper_bound":0.02779386624890079},"point_estimate":0.020527926625417914,"standard_error":0.00411580593390483}}