{"mean":{"confidence_interval":{"confidence_level":0.95,"lower_bound":-0.016932736102086784,"upper_bound":0.01670695558292768},"point_estimate":0.00009290658960869891,"standard_error":0.00860817406771366},"median":{"confidence_interval":{"confidence_level":0.95,"lower_bound":-0.011199123520103882,"upper_bound":0.005998506186851049},"point_estimate":-0.002160660096328204,"standard_error":0.004386318360239635}}