{"mean":{"confidence_interval":{"confidence_level":0.95,"lower_bound":-0.10202426405175917,"upper_bound":-0.04306904896716642},"point_estimate":-0.07043438217983655,"standard_error":0.01508298195529377},"median":{"confidence_interval":{"confidence_level":0.95,"lower_bound":-0.07823269669994344,"upper_bound":-0.03719036276355377},"point_estimate":-0.05670056359137021,"standard_error":0.010745000489486957}}