{"mean":{"confidence_interval":{"confidence_level":0.95,"lower_bound":-0.018774066558382128,"upper_bound":0.025279438027450404},"point_estimate":0.0031547024698936887,"standard_error":0.01123144943822565},"median":{"confidence_interval":{"confidence_level":0.95,"lower_bound":-0.0027803874518779192,"upper_bound":0.014328297255962486},"point_estimate":0.0055267329895614115,"standard_error":0.004122891348170705}}