{"mean":{"confidence_interval":{"confidence_level":0.95,"lower_bound":-0.12367930119299736,"upper_bound":-0.027184794254505033},"point_estimate":-0.07625580083360683,"standard_error":0.02456790201187134},"median":{"confidence_interval":{"confidence_level":0.95,"lower_bound":-0.0913756251644885,"upper_bound":-0.0024140372399583665},"point_estimate":-0.026871485048590937,"standard_error":0.02277819944109222}}