{"mean":{"confidence_interval":{"confidence_level":0.95,"lower_bound":-0.09259547415895401,"upper_bound":-0.01235603895336428},"point_estimate":-0.05552486763949582,"standard_error":0.020156061431761584},"median":{"confidence_interval":{"confidence_level":0.95,"lower_bound":-0.09295441998162346,"upper_bound":-0.03936349134540151},"point_estimate":-0.06213737468195257,"standard_error":0.013449500497099767}}