{"mean":{"confidence_interval":{"confidence_level":0.95,"lower_bound":-0.071229956883925,"upper_bound":-0.01774604059013324},"point_estimate":-0.04556940746710236,"standard_error":0.013629878991383912},"median":{"confidence_interval":{"confidence_level":0.95,"lower_bound":-0.12218583894094354,"upper_bound":-0.08764612118307125},"point_estimate":-0.10683042210195515,"standard_error":0.009318532981397985}}