{"mean":{"confidence_interval":{"confidence_level":0.95,"lower_bound":-0.00375603073620652,"upper_bound":0.04857636993766232},"point_estimate":0.022067659351886704,"standard_error":0.013304750286536424},"median":{"confidence_interval":{"confidence_level":0.95,"lower_bound":0.013672070511490775,"upper_bound":0.05152394991866091},"point_estimate":0.0336275068722558,"standard_error":0.009883646160755889}}