{"mean":{"confidence_interval":{"confidence_level":0.95,"lower_bound":0.002801382426148181,"upper_bound":0.06268560614259792},"point_estimate":0.03271037944774058,"standard_error":0.01526807272046015},"median":{"confidence_interval":{"confidence_level":0.95,"lower_bound":-0.011545990904582496,"upper_bound":0.013645293341113973},"point_estimate":-0.000520643319224412,"standard_error":0.006251279916251339}}