{"mean":{"confidence_interval":{"confidence_level":0.95,"lower_bound":-0.23495148192643636,"upper_bound":0.37388381284337013},"point_estimate":0.01777472106222744,"standard_error":0.157105353804504},"median":{"confidence_interval":{"confidence_level":0.95,"lower_bound":-0.013562019965819926,"upper_bound":0.004473868222969246},"point_estimate":-0.002492400163388364,"standard_error":0.004631262272673681}}