{"mean":{"confidence_interval":{"confidence_level":0.95,"lower_bound":-0.008469957677444852,"upper_bound":0.02351789637165548},"point_estimate":0.008327725857485868,"standard_error":0.008166298164346898},"median":{"confidence_interval":{"confidence_level":0.95,"lower_bound":-0.01299624112005282,"upper_bound":0.02571118086479318},"point_estimate":-0.0012052368201694863,"standard_error":0.010090804530780068}}