{"mean":{"confidence_interval":{"confidence_level":0.95,"lower_bound":0.008492545713228477,"upper_bound":0.043087531222167304},"point_estimate":0.02572463247399659,"standard_error":0.008837562812062659},"median":{"confidence_interval":{"confidence_level":0.95,"lower_bound":0.001660585605063325,"upper_bound":0.05064636891864169},"point_estimate":0.03179420861340643,"standard_error":0.012544216250453214}}