{"mean":{"confidence_interval":{"confidence_level":0.95,"lower_bound":-0.16459855032391796,"upper_bound":0.21999385483138714},"point_estimate":0.006686178871200044,"standard_error":0.09777487565365457},"median":{"confidence_interval":{"confidence_level":0.95,"lower_bound":-0.03467470763039138,"upper_bound":0.007389534377504669},"point_estimate":-0.012523327065449563,"standard_error":0.011270912556709898}}