{"mean":{"confidence_interval":{"confidence_level":0.95,"lower_bound":0.0006483397457688821,"upper_bound":0.07081076636571561},"point_estimate":0.03464493079753295,"standard_error":0.017841696307980538},"median":{"confidence_interval":{"confidence_level":0.95,"lower_bound":0.030249522180334054,"upper_bound":0.12310029139934131},"point_estimate":0.07972708311371313,"standard_error":0.026935086455031735}}