{"mean":{"confidence_interval":{"confidence_level":0.95,"lower_bound":-0.055537069497839764,"upper_bound":0.005848050025996091},"point_estimate":-0.02631136830775893,"standard_error":0.01563280463799513},"median":{"confidence_interval":{"confidence_level":0.95,"lower_bound":-0.08867180952437703,"upper_bound":0.012625212065645241},"point_estimate":-0.04419216749467603,"standard_error":0.02730719433754222}}