{"mean":{"confidence_interval":{"confidence_level":0.95,"lower_bound":0.0603336066539378,"upper_bound":0.1263797471929862},"point_estimate":0.09366160755536934,"standard_error":0.01689817166615708},"median":{"confidence_interval":{"confidence_level":0.95,"lower_bound":0.010350273797804732,"upper_bound":0.17644518985194013},"point_estimate":0.060771501175489906,"standard_error":0.036360098653630386}}