{"mean":{"confidence_interval":{"confidence_level":0.95,"lower_bound":-0.0727868912614755,"upper_bound":-0.01668468532958792},"point_estimate":-0.043160877836288525,"standard_error":0.014522666573032321},"median":{"confidence_interval":{"confidence_level":0.95,"lower_bound":-0.03928918030699968,"upper_bound":0.008745190746926257},"point_estimate":-0.011121245244213651,"standard_error":0.012283466852067007}}