{"mean":{"confidence_interval":{"confidence_level":0.95,"lower_bound":0.14973766415967862,"upper_bound":0.35918217251384493},"point_estimate":0.25009018394867955,"standard_error":0.05365121128250865},"median":{"confidence_interval":{"confidence_level":0.95,"lower_bound":0.05057523823891441,"upper_bound":0.38222953255941094},"point_estimate":0.1430273589643012,"standard_error":0.08792108689190481}}