{"mean":{"confidence_interval":{"confidence_level":0.95,"lower_bound":181.02172030362036,"upper_bound":188.79092351618834},"point_estimate":184.79571135891513,"standard_error":1.9849939332238602},"median":{"confidence_interval":{"confidence_level":0.95,"lower_bound":173.00700878982906,"upper_bound":177.85020249438594},"point_estimate":175.17234598679775,"standard_error":1.598531681928222},"median_abs_dev":{"confidence_interval":{"confidence_level":0.95,"lower_bound":5.460695115163088,"upper_bound":14.851705229994089},"point_estimate":9.816189306067576,"standard_error":2.6580195104087743},"slope":{"confidence_interval":{"confidence_level":0.95,"lower_bound":177.86381276941307,"upper_bound":186.99755174758084},"point_estimate":182.2840926022531,"standard_error":2.3418386282913852},"std_dev":{"confidence_interval":{"confidence_level":0.95,"lower_bound":16.20893286705761,"upper_bound":23.11980854021458},"point_estimate":19.99507841878686,"standard_error":1.7623922763837718}}