{"mean":{"confidence_interval":{"confidence_level":0.95,"lower_bound":-0.0826529651446433,"upper_bound":-0.05263538152683764},"point_estimate":-0.0678543038973266,"standard_error":0.00766860299823241},"median":{"confidence_interval":{"confidence_level":0.95,"lower_bound":-0.07409565898014414,"upper_bound":-0.05329766869227615},"point_estimate":-0.06504055252503016,"standard_error":0.005491617978077064}}