{"mean":{"confidence_interval":{"confidence_level":0.95,"lower_bound":-0.05908630144411112,"upper_bound":0.026515294194669393},"point_estimate":-0.015050661797526121,"standard_error":0.02177394290500396},"median":{"confidence_interval":{"confidence_level":0.95,"lower_bound":-0.039627737040140956,"upper_bound":-0.011169289813236394},"point_estimate":-0.024374861664525405,"standard_error":0.006957538529257872}}