{"mean":{"confidence_interval":{"confidence_level":0.95,"lower_bound":-0.2200887337979255,"upper_bound":-0.02626503159227297},"point_estimate":-0.12461068207211101,"standard_error":0.04956921791836349},"median":{"confidence_interval":{"confidence_level":0.95,"lower_bound":-0.015008857246564533,"upper_bound":0.02468387957377116},"point_estimate":0.004908387929808855,"standard_error":0.010582360299212395}}