{"mean":{"confidence_interval":{"confidence_level":0.95,"lower_bound":-0.014007576875244492,"upper_bound":0.008972984238814517},"point_estimate":-0.002497522560723442,"standard_error":0.005865772800233567},"median":{"confidence_interval":{"confidence_level":0.95,"lower_bound":-0.0064737776834677425,"upper_bound":0.007516440274424552},"point_estimate":0.0027911370905970845,"standard_error":0.0030260686787483533}}