{"mean":{"confidence_interval":{"confidence_level":0.95,"lower_bound":-0.0325508121131156,"upper_bound":0.04166564750072337},"point_estimate":0.0016656603769420464,"standard_error":0.019084756005195005},"median":{"confidence_interval":{"confidence_level":0.95,"lower_bound":-0.014626494616780006,"upper_bound":0.04218514071221646},"point_estimate":0.014883134598314474,"standard_error":0.014034649680017034}}