{"mean":{"confidence_interval":{"confidence_level":0.95,"lower_bound":17.22436460183661,"upper_bound":18.154372851749148},"point_estimate":17.683653850098644,"standard_error":0.23716964133745067},"median":{"confidence_interval":{"confidence_level":0.95,"lower_bound":16.204767175270774,"upper_bound":17.215629471212946},"point_estimate":16.56093739782824,"standard_error":0.26403018362463104},"median_abs_dev":{"confidence_interval":{"confidence_level":0.95,"lower_bound":1.1677861590113572,"upper_bound":2.8132459295653964},"point_estimate":1.7306134804155233,"standard_error":0.40310939763144427},"slope":{"confidence_interval":{"confidence_level":0.95,"lower_bound":16.850886883446222,"upper_bound":18.067572425726883},"point_estimate":17.439091251966232,"standard_error":0.31027031977738323},"std_dev":{"confidence_interval":{"confidence_level":0.95,"lower_bound":2.144704723471768,"upper_bound":2.551446335910711},"point_estimate":2.3786490597312335,"standard_error":0.10364946368442286}}