{"mean":{"confidence_interval":{"confidence_level":0.95,"lower_bound":0.021913141783973668,"upper_bound":0.05704235861101013},"point_estimate":0.039117118285800334,"standard_error":0.008958663112304753},"median":{"confidence_interval":{"confidence_level":0.95,"lower_bound":0.019024479238283393,"upper_bound":0.03196214370337436},"point_estimate":0.02637814701968666,"standard_error":0.0032683323862049366}}