{"mean":{"confidence_interval":{"confidence_level":0.95,"lower_bound":-0.008272068288331625,"upper_bound":0.019385460415257093},"point_estimate":0.005989944432498673,"standard_error":0.007046646880917963},"median":{"confidence_interval":{"confidence_level":0.95,"lower_bound":-0.014716364156255568,"upper_bound":0.026359232009097067},"point_estimate":0.010706403030370959,"standard_error":0.01102372458529152}}