{"mean":{"confidence_interval":{"confidence_level":0.95,"lower_bound":-0.05384719721723169,"upper_bound":-0.017665658124432097},"point_estimate":-0.03540278359273363,"standard_error":0.009258227344710218},"median":{"confidence_interval":{"confidence_level":0.95,"lower_bound":-0.06197017931378923,"upper_bound":-0.01512106762235188},"point_estimate":-0.03918104273120848,"standard_error":0.011719037949809347}}