{"mean":{"confidence_interval":{"confidence_level":0.95,"lower_bound":-0.32108371346214837,"upper_bound":-0.1008605692921076},"point_estimate":-0.21414811938887324,"standard_error":0.056698283687770766},"median":{"confidence_interval":{"confidence_level":0.95,"lower_bound":-0.24295317993938426,"upper_bound":-0.06282019850420528},"point_estimate":-0.14832113937591362,"standard_error":0.044995198417230674}}