{"mean":{"confidence_interval":{"confidence_level":0.95,"lower_bound":-0.17186947015201134,"upper_bound":0.21810652499953137},"point_estimate":0.009257156367617592,"standard_error":0.1007185011066081},"median":{"confidence_interval":{"confidence_level":0.95,"lower_bound":-0.16451009316027132,"upper_bound":0.12138727966346696},"point_estimate":-0.04969604162723207,"standard_error":0.07426359736292006}}