{"mean":{"confidence_interval":{"confidence_level":0.95,"lower_bound":-0.008103089495384007,"upper_bound":0.005077527937257319},"point_estimate":-0.0015351810708437164,"standard_error":0.0033708246389542304},"median":{"confidence_interval":{"confidence_level":0.95,"lower_bound":-0.007847468851507111,"upper_bound":-0.001781607387355555},"point_estimate":-0.0038751070044718006,"standard_error":0.0016389992908006684}}