{"mean":{"confidence_interval":{"confidence_level":0.95,"lower_bound":-0.012322680518883411,"upper_bound":0.01891423054502052},"point_estimate":0.0031940345944097004,"standard_error":0.007940698391500245},"median":{"confidence_interval":{"confidence_level":0.95,"lower_bound":-0.0007610852384073441,"upper_bound":0.02175837423853033},"point_estimate":0.011446074560046648,"standard_error":0.0057421893384457905}}