{"mean":{"confidence_interval":{"confidence_level":0.95,"lower_bound":-0.1285377127366995,"upper_bound":-0.09267596985660495},"point_estimate":-0.1106979444171261,"standard_error":0.009170741294348366},"median":{"confidence_interval":{"confidence_level":0.95,"lower_bound":-0.1355953932911118,"upper_bound":-0.1041339574743424},"point_estimate":-0.12093194888225245,"standard_error":0.008022640143469014}}