{"mean":{"confidence_interval":{"confidence_level":0.95,"lower_bound":40.430655423074846,"upper_bound":41.35264549743211},"point_estimate":40.88193891617228,"standard_error":0.23539062177800665},"median":{"confidence_interval":{"confidence_level":0.95,"lower_bound":40.37874668220366,"upper_bound":41.6931165552257},"point_estimate":40.81716932194789,"standard_error":0.3365455694926505},"median_abs_dev":{"confidence_interval":{"confidence_level":0.95,"lower_bound":1.7738556074147371,"upper_bound":2.910601583521911},"point_estimate":2.418877512228011,"standard_error":0.29084947161505},"slope":{"confidence_interval":{"confidence_level":0.95,"lower_bound":41.82629169606264,"upper_bound":42.70329539529541},"point_estimate":42.249749352072634,"standard_error":0.22327963925869845},"std_dev":{"confidence_interval":{"confidence_level":0.95,"lower_bound":1.9066180372350343,"upper_bound":2.8274669333500113},"point_estimate":2.3642526585359502,"standard_error":0.23687359360365617}}