{"mean":{"confidence_interval":{"confidence_level":0.95,"lower_bound":-0.04901585816608119,"upper_bound":0.03188298506909158},"point_estimate":-0.011808130127526462,"standard_error":0.02050395081859709},"median":{"confidence_interval":{"confidence_level":0.95,"lower_bound":-0.01125609793508342,"upper_bound":0.012886216791263528},"point_estimate":0.0002426380081603785,"standard_error":0.006195563861265088}}