{"mean":{"confidence_interval":{"confidence_level":0.95,"lower_bound":-0.2747478323711926,"upper_bound":0.21733958331520137},"point_estimate":-0.0617017255346608,"standard_error":0.12509459360328404},"median":{"confidence_interval":{"confidence_level":0.95,"lower_bound":-0.10943826552179703,"upper_bound":0.12381267751765113},"point_estimate":0.0015932027562890472,"standard_error":0.05869824842372034}}