{"mean":{"confidence_interval":{"confidence_level":0.95,"lower_bound":-0.3557367368703419,"upper_bound":-0.10897561137462927},"point_estimate":-0.23273183714106593,"standard_error":0.06425794033201933},"median":{"confidence_interval":{"confidence_level":0.95,"lower_bound":-0.16941640296039795,"upper_bound":-0.02878379220058035},"point_estimate":-0.08986841177334914,"standard_error":0.03843326991607374}}