{"mean":{"confidence_interval":{"confidence_level":0.95,"lower_bound":-0.024180459983759662,"upper_bound":0.004679855750332687},"point_estimate":-0.00961813902989539,"standard_error":0.007275269676292248},"median":{"confidence_interval":{"confidence_level":0.95,"lower_bound":-0.03724000383331829,"upper_bound":0.01615694829875647},"point_estimate":-0.02011266206880946,"standard_error":0.015271083971914989}}