{"mean":{"confidence_interval":{"confidence_level":0.95,"lower_bound":0.0007530316614945031,"upper_bound":0.028750647401327083},"point_estimate":0.014644670928518844,"standard_error":0.007142622383554998},"median":{"confidence_interval":{"confidence_level":0.95,"lower_bound":-0.00944660547019105,"upper_bound":0.04380429146910081},"point_estimate":0.025254359011186667,"standard_error":0.015545151722443713}}