{"mean":{"confidence_interval":{"confidence_level":0.95,"lower_bound":-0.05780942749969614,"upper_bound":0.03279182201719428},"point_estimate":-0.01199661399302776,"standard_error":0.02307840999568454},"median":{"confidence_interval":{"confidence_level":0.95,"lower_bound":-0.033223447092021186,"upper_bound":0.050357454542354955},"point_estimate":0.0009420329199874011,"standard_error":0.020833996685457074}}