{"mean":{"confidence_interval":{"confidence_level":0.95,"lower_bound":47.5785417249164,"upper_bound":49.46636798855446},"point_estimate":48.482669755327294,"standard_error":0.48302518308792214},"median":{"confidence_interval":{"confidence_level":0.95,"lower_bound":47.61218833787908,"upper_bound":47.924296429889196},"point_estimate":47.77506362552346,"standard_error":0.07667767321025251},"median_abs_dev":{"confidence_interval":{"confidence_level":0.95,"lower_bound":2.0008844391984524,"upper_bound":3.2796220992544574},"point_estimate":2.6154799748978252,"standard_error":0.3312953920301672},"slope":{"confidence_interval":{"confidence_level":0.95,"lower_bound":49.57805540265828,"upper_bound":51.04610105936315},"point_estimate":50.31470159791521,"standard_error":0.3739110021619501},"std_dev":{"confidence_interval":{"confidence_level":0.95,"lower_bound":7.757550726105865,"upper_bound":13.669675653116435},"point_estimate":10.761105043753743,"standard_error":1.5187458803375826}}