{"mean":{"confidence_interval":{"confidence_level":0.95,"lower_bound":-0.0852010968480443,"upper_bound":0.058014476923262934},"point_estimate":-0.015002538020965517,"standard_error":0.036566258939910806},"median":{"confidence_interval":{"confidence_level":0.95,"lower_bound":0.0166852148799832,"upper_bound":0.14829279197915834},"point_estimate":0.07802157483328886,"standard_error":0.03387419452415498}}