{"mean":{"confidence_interval":{"confidence_level":0.95,"lower_bound":-0.04003009586090245,"upper_bound":-0.0014126426935026437},"point_estimate":-0.021605723180433856,"standard_error":0.009899866248928172},"median":{"confidence_interval":{"confidence_level":0.95,"lower_bound":-0.0426898616620489,"upper_bound":-0.002861716148486182},"point_estimate":-0.024224830212258963,"standard_error":0.010180276618618575}}