{"mean":{"confidence_interval":{"confidence_level":0.95,"lower_bound":270.2299781681953,"upper_bound":280.92872550057916},"point_estimate":275.72364266092717,"standard_error":2.72027218275981},"median":{"confidence_interval":{"confidence_level":0.95,"lower_bound":279.02406124681005,"upper_bound":286.4740878880507},"point_estimate":282.94056588487865,"standard_error":1.8703188795955423},"median_abs_dev":{"confidence_interval":{"confidence_level":0.95,"lower_bound":12.546866627254163,"upper_bound":21.990912248689995},"point_estimate":17.394945137599745,"standard_error":2.426836844853446},"slope":{"confidence_interval":{"confidence_level":0.95,"lower_bound":267.1540107543222,"upper_bound":282.86697203303515},"point_estimate":275.34185769965876,"standard_error":4.030946165404163},"std_dev":{"confidence_interval":{"confidence_level":0.95,"lower_bound":21.794134100032576,"upper_bound":32.29009336347781},"point_estimate":27.33723011688681,"standard_error":2.683035182150096}}