{"mean":{"confidence_interval":{"confidence_level":0.95,"lower_bound":-0.025649531603795985,"upper_bound":0.1211300072538908},"point_estimate":0.04866028157323421,"standard_error":0.037590787491732974},"median":{"confidence_interval":{"confidence_level":0.95,"lower_bound":0.00019093163263095292,"upper_bound":0.04994168989999337},"point_estimate":0.029147767933664692,"standard_error":0.01348959053747391}}