{"mean":{"confidence_interval":{"confidence_level":0.95,"lower_bound":0.01799330696556492,"upper_bound":0.07174722322995719},"point_estimate":0.04473845160346368,"standard_error":0.013734700769429715},"median":{"confidence_interval":{"confidence_level":0.95,"lower_bound":0.018623420804654733,"upper_bound":0.0746616334931387},"point_estimate":0.05012173764903394,"standard_error":0.014156785643975801}}