{"mean":{"confidence_interval":{"confidence_level":0.95,"lower_bound":-0.0884799546847558,"upper_bound":-0.054833339136392656},"point_estimate":-0.07180759746950283,"standard_error":0.008610766638192631},"median":{"confidence_interval":{"confidence_level":0.95,"lower_bound":-0.09162599551974038,"upper_bound":-0.05032972303596239},"point_estimate":-0.0727984428319155,"standard_error":0.010246533697170506}}