{"mean":{"confidence_interval":{"confidence_level":0.95,"lower_bound":-0.019416182969977665,"upper_bound":0.015030843285541688},"point_estimate":-0.0023191167729803563,"standard_error":0.008832272728618145},"median":{"confidence_interval":{"confidence_level":0.95,"lower_bound":-0.039472903810468085,"upper_bound":0.011565856223148874},"point_estimate":-0.01792346296925762,"standard_error":0.013064656434090148}}