{"mean":{"confidence_interval":{"confidence_level":0.95,"lower_bound":-0.05576130774774486,"upper_bound":0.06991171088954262},"point_estimate":0.00838279751497839,"standard_error":0.032049412405432694},"median":{"confidence_interval":{"confidence_level":0.95,"lower_bound":-0.0017371175404055851,"upper_bound":0.0030198969175714296},"point_estimate":0.0007354229729688022,"standard_error":0.0011918804098785731}}