{"mean":{"confidence_interval":{"confidence_level":0.95,"lower_bound":-0.003831112687391068,"upper_bound":0.06189102400364283},"point_estimate":0.0318298901469356,"standard_error":0.016777480344225878},"median":{"confidence_interval":{"confidence_level":0.95,"lower_bound":0.02485046372269789,"upper_bound":0.06537447250141226},"point_estimate":0.04641909138486544,"standard_error":0.010597492438073224}}