{"mean":{"confidence_interval":{"confidence_level":0.95,"lower_bound":-0.03488850223904244,"upper_bound":0.015413493679459343},"point_estimate":-0.008370794760062639,"standard_error":0.012825805840994086},"median":{"confidence_interval":{"confidence_level":0.95,"lower_bound":-0.018217334531244966,"upper_bound":0.05044135143263162},"point_estimate":0.019660131408762105,"standard_error":0.017316059165702873}}