{"mean":{"confidence_interval":{"confidence_level":0.95,"lower_bound":1.1424974804992913,"upper_bound":1.7209586997934476},"point_estimate":1.417971756792713,"standard_error":0.14714713768863052},"median":{"confidence_interval":{"confidence_level":0.95,"lower_bound":1.5211546759638355,"upper_bound":1.7164678119944248},"point_estimate":1.632014320999803,"standard_error":0.04771098079820394}}