{"mean":{"confidence_interval":{"confidence_level":0.95,"lower_bound":-0.1387511911758513,"upper_bound":0.12779152208900835},"point_estimate":-0.016800024787405166,"standard_error":0.06786368648578524},"median":{"confidence_interval":{"confidence_level":0.95,"lower_bound":-0.06714036759621511,"upper_bound":0.04444508348793241},"point_estimate":-0.0036541691148840316,"standard_error":0.026833222931377135}}